{
  "SPX": {
    "secType": "IND",
    "exchange": "CBOE",
    "currency": "USD",
    "conId": 416904
  },
  "SPY": {
    "secType": "STK",
    "exchange": "SMART",
    "currency": "USD",
    "conId": 756733
  },
  "NDX": {
    "secType": "IND",
    "exchange": "NASDAQ",
    "currency": "USD",
    "conId": 416843
  },
  "QQQ": {
    "secType": "STK",
    "exchange": "SMART",
    "currency": "USD",
    "conId": 320227571
  },
  "RUT": {
    "secType": "IND",
    "exchange": "RUSSELL",
    "currency": "USD",
    "conId": 416888
  },
  "IWM": {
    "secType": "STK",
    "exchange": "SMART",
    "currency": "USD",
    "conId": 9579970
  },
  "DIA": {
    "secType": "STK",
    "exchange": "SMART",
    "currency": "USD",
    "conId": 73128548
  },
  "DJX": {
    "secType": "IND",
    "exchange": "CBOE",
    "currency": "USD",
    "conId": 6886747
  },
  "VIX": {
    "secType": "IND",
    "exchange": "CBOE",
    "currency": "USD",
    "conId": 13455763
  },
  "VXN": {
    "secType": "IND",
    "exchange": "CBOE",
    "currency": "USD",
    "conId": 13455757
  },
  "RVX": {
    "secType": "IND",
    "exchange": "CBOE",
    "currency": "USD",
    "conId": 41492901
  },
  "OVX": {
    "secType": "IND",
    "exchange": "CBOE",
    "currency": "USD",
    "conId": 53485110
  },
  "VXD": {
    "secType": "IND",
    "exchange": "CBOE",
    "currency": "USD",
    "conId": 33716359
  },
  "AAPL": {
    "secType": "STK",
    "exchange": "SMART",
    "currency": "USD",
    "conId": 265598
  },
  "AMZN": {
    "secType": "STK",
    "exchange": "SMART",
    "currency": "USD",
    "conId": 3691937
  },
  "META": {
    "secType": "STK",
    "exchange": "SMART",
    "currency": "USD",
    "conId": 107113386
  },
  "GOOGL": {
    "secType": "STK",
    "exchange": "SMART",
    "currency": "USD",
    "conId": 208813719
  },
  "MSFT": {
    "secType": "STK",
    "exchange": "SMART",
    "currency": "USD",
    "conId": 272093
  },
  "NVDA": {
    "secType": "STK",
    "exchange": "SMART",
    "currency": "USD",
    "conId": 4815747
  },
  "TSLA": {
    "secType": "STK",
    "exchange": "SMART",
    "currency": "USD",
    "conId": 76792991
  },
  "ES": {
    "secType": "FUT",
    "exchange": "CME",
    "currency": "USD",
    "conId": 495512563,
    "lastTradeDateOrContractMonth": "20251219"
  },
  "NQ": {
    "secType": "FUT",
    "exchange": "CME",
    "currency": "USD",
    "conId": 563947726,
    "lastTradeDateOrContractMonth": "20261218"
  },
  "RTY": {
    "secType": "FUT",
    "exchange": "CME",
    "currency": "USD",
    "conId": 711280107,
    "lastTradeDateOrContractMonth": "20250919"
  },
  "YM": {
    "secType": "IND",
    "exchange": "CBOT",
    "currency": "USD",
    "conId": 14721310
  },
  "GC": {
    "secType": "FUT",
    "exchange": "COMEX",
    "currency": "USD",
    "conId": 397594951,
    "lastTradeDateOrContractMonth": "20251229"
  },
  "CL": {
    "secType": "FUT",
    "exchange": "NYMEX",
    "currency": "USD",
    "conId": 256019341,
    "lastTradeDateOrContractMonth": "20251120"
  },
  "SI": {
    "secType": "FUT",
    "exchange": "COMEX",
    "currency": "USD",
    "conId": 462941489,
    "lastTradeDateOrContractMonth": "20251229"
  },
  "GLD": {
    "secType": "STK",
    "exchange": "SMART",
    "currency": "USD",
    "conId": 51529211
  },
  "USO": {
    "secType": "STK",
    "exchange": "SMART",
    "currency": "USD",
    "conId": 418893644
  },
  "SLV": {
    "secType": "STK",
    "exchange": "SMART",
    "currency": "USD",
    "conId": 39039301
  },
  "UUP": {
    "secType": "STK",
    "exchange": "SMART",
    "currency": "USD",
    "conId": 319355766
  },
  "FXE": {
    "secType": "STK",
    "exchange": "SMART",
    "currency": "USD",
    "conId": 319355937
  },
  "FXY": {
    "secType": "STK",
    "exchange": "SMART",
    "currency": "USD",
    "conId": 319355967
  },
  "M6E": {
    "secType": "FUT",
    "exchange": "CME",
    "currency": "USD",
    "conId": 769004525,
    "lastTradeDateOrContractMonth": "20250915"
  },
  "ESTX50": {
    "secType": "IND",
    "exchange": "EUREX",
    "currency": "EUR",
    "conId": 4356500
  },
  "DAX": {
    "secType": "IND",
    "exchange": "EUREX",
    "currency": "EUR",
    "conId": 825711
  },
  "CAC40": {
    "secType": "IND",
    "exchange": "MONEP",
    "currency": "EUR",
    "conId": 946200
  },
  "V2TX": {
    "secType": "IND",
    "exchange": "EUREX",
    "currency": "EUR",
    "conId": 35913933
  }
}